Protein_ID,Center_X,Center_Y,Center_Z
clean_7YXA,13.568,18.158,11.078
clean_5TUD,19.412,-25.798,85.73
clean_5WIV,-17.383,16.039,-17.741
clean_6RZ5,-0.032,-0.728,-9.476
clean_7RAN,154.582,154.427,131.732
clean_8E9Z,126.255,117.731,159.146
clean_4IAR,-10.797,-18.373,20.933
clean_7BR3,-26.739,18.84,-9.336
clean_3VW7,-3.598,-7.612,57.774
clean_4IAQ,-21.825,8.767,21.622
clean_7ZLY,21.865,67.929,105.329
P34995,-0.805,-3.238,-14.969
clean_4Z35,-3.529,-27.602,51.943
clean_7SUS,-41.399,8.312,48.483
clean_7EIB,85.762,105.372,137.876
clean_4IB4,21.23,18.315,9.578
clean_5TVN,-22.653,-17.886,9.587
clean_9BHM,128.904,104.208,94.228
clean_4Z36,-3.266,-27.209,51.262
clean_7SK9,163.597,161.214,137.505
P49682,3.432,3.107,-10.919
Q9NYM4,6.467,-0.445,-11.597
clean_7F1Z,97.932,83.902,134.209
clean_4XT1,100.063,22.645,221.558
clean_7SK8,157.773,163.55,166.569
clean_4Z34,-3.118,-27.329,51.664
clean_6D27,45.456,-53.564,286.971
clean_4NC3,-21.147,-18.177,9.546
clean_6D26,7.073,84.545,280.271
clean_6RZ4,41.518,26.584,58.887
clean_7CX2,103.736,68.127,85.275
clean_8UWL,140.065,153.435,183.584
clean_8XQI,115.175,132.585,145.696
clean_8ZH8,141.373,133.888,162.9
clean_7F1R,96.519,150.296,122.824
clean_7W41,-24.042,5.091,-9.032
clean_7UM6,116.138,118.518,150.351
clean_6DRY,-23.116,-17.901,9.474
clean_7CX4,103.875,68.248,84.952
clean_8IKL,69.881,96.086,96.477
clean_7ZL9,22.045,67.676,190.436
clean_7UM5,113.24,106.885,82.557
clean_3V2Y,5.74,16.822,-7.558
clean_5WIU,-17.117,16.089,-17.587
clean_6WHA,66.833,60.873,66.972
clean_4MBS,186.513,110.133,23.227
clean_6WGT,6.799,0.45,56.255
clean_7S8O,111.769,129.467,89.851
clean_8JD6,199.986,169.956,258.571
clean_8DPF,126.965,145.147,102.772
