Protein_ID,HYDE_Score
clean_3V2Y,
clean_3VW7,
clean_4IAQ,
clean_4IAR,
clean_4IB4,
clean_4MBS,
clean_4NC3,
clean_4XT1,
clean_4Z34,
clean_4Z35,
clean_4Z36,
clean_5TUD,
clean_5TVN,
clean_5WIU,
clean_5WIV,
clean_6D26,
clean_6D27,
clean_6DRY,
clean_6RZ4,
clean_6RZ5,
clean_6WGT,
clean_6WHA,
clean_7BR3,
clean_7CX2,
clean_7CX4,
clean_7EIB,
clean_7F1R,
clean_7F1Z,
clean_7RAN,
clean_7S8O,
clean_7SK8,
clean_7SK9,
clean_7SUS,
clean_7UM5,
clean_7UM6,
clean_7W41,
clean_7YXA,
clean_7ZL9,
clean_7ZLY,
clean_8DPF,
clean_8E9Z,
clean_8IKL,
clean_8JD6,
clean_8UWL,
clean_8XQI,
clean_8ZH8,
clean_9BHM,
