clean_2VZC,-11.7
clean_7KTB,-11.1
clean_7KT4,-10.6
clean_7KT7,-10.5
clean_7KTE,-10.5
clean_6VF4,-10.4
clean_3UGR,-10.2
clean_5J48,-10.1
clean_6VF0,-10.1
clean_9BU0,-10.1
clean_4LRH,-10.0
clean_6D5K,-10.0
clean_7COA,-10.0
clean_2IDX,-9.9
clean_6GX2,-9.9
clean_6I3D,-9.9
clean_7SVL,-9.9
clean_4WJX,-9.8
clean_5HTC,-9.8
clean_6D5X,-9.8
clean_4C9X,-9.7
clean_4WKF,-9.7
clean_7CO9,-9.7
clean_7RUT,-9.7
clean_4WKH,-9.6
clean_6BCZ,-9.6
clean_5WS7,-9.4
clean_5Y5N,-9.4
clean_6IMI,-9.4
clean_8COT,-9.4
clean_4WK9,-9.3
clean_5ANU,-9.3
clean_5U6Q,-9.3
clean_5ZKQ,-9.3
clean_6US2,-9.3
clean_8CO7,-9.3
clean_9CGS,-9.3
clean_3HDZ,-9.2
clean_4N1T,-9.2
clean_4ZG9,-9.2
clean_5H08,-9.2
clean_5M7B,-9.2
clean_5MAT,-9.2
clean_6T4Y,-9.2
clean_7OVD,-9.2
clean_8DSD,-9.2
clean_2H4H,-9.1
clean_5M79,-9.1
clean_5M7D,-9.1
clean_5U72,-9.1
clean_6CXV,-9.1
clean_6F1X,-9.1
clean_6PEB,-9.1
clean_6PUD,-9.1
clean_6UE6,-9.1
clean_6US4,-9.1
clean_6W9V,-9.1
clean_6X3X,-9.1
clean_8A0S,-9.1
clean_8BLB,-9.1
clean_8DSC,-9.1
clean_8DSI,-9.1
clean_8GUS,-9.1
clean_8UW9,-9.1
clean_1Z4K,-9.0
clean_4ORX,-9.0
clean_5M7C,-9.0
clean_5U2M,-9.0
clean_5U2N,-9.0
clean_5WI1,-9.0
clean_5YF1,-9.0
clean_6E68,-9.0
clean_6EQ2,-9.0
clean_6PUH,-9.0
clean_6PUM,-9.0
clean_6US3,-9.0
clean_7COD,-9.0
clean_8HBF,-9.0
P21589,-9.0
clean_1Y2B,-8.9
clean_1Z4J,-8.9
clean_2E5D,-8.9
clean_3FC6,-8.9
clean_3IPQ,-8.9
clean_3L2P,-8.9
clean_3V0Q,-8.9
clean_4GRA,-8.9
clean_4N9E,-8.9
clean_4O1B,-8.9
clean_4O1D,-8.9
clean_5ANV,-8.9
clean_5UPE,-8.9
clean_5UPF,-8.9
clean_6EQ4,-8.9
clean_6H5T,-8.9
clean_6JVJ,-8.9
clean_6N3L,-8.9
clean_6PUE,-8.9
clean_6PUI,-8.9
clean_6PVD,-8.9
clean_6UXY,-8.9
clean_7EVY,-8.9
clean_7N03,-8.9
clean_7N13,-8.9
clean_7ZT8,-8.9
clean_8A3A,-8.9
clean_1G3M,-8.8
clean_1HY3,-8.8
clean_1LS6,-8.8
clean_1Q91,-8.8
clean_1XVP,-8.8
clean_1Z28,-8.8
clean_2GVJ,-8.8
clean_2H44,-8.8
clean_3CKL,-8.8
clean_3SX3,-8.8
clean_3UG8,-8.8
clean_4LV9,-8.8
clean_4N1U,-8.8
clean_4ORU,-8.8
clean_5WMV,-8.8
clean_6B75,-8.8
clean_6G2M,-8.8
clean_6PUJ,-8.8
clean_6XQP,-8.8
clean_7AH4,-8.8
clean_7E0A,-8.8
clean_7KTM,-8.8
clean_7PPE,-8.8
clean_7PPF,-8.8
clean_7VIH,-8.8
clean_8ALX,-8.8
clean_8D8I,-8.8
clean_8T69,-8.8
clean_8TM7,-8.8
clean_1B98,-8.7
clean_1L8J,-8.7
clean_1UMO,-8.7
clean_2GWH,-8.7
clean_2OFX,-8.7
clean_2Z5F,-8.7
clean_3CQU,-8.7
clean_3DKJ,-8.7
clean_3DKL,-8.7
clean_3R94,-8.7
clean_3U3J,-8.7
clean_3U3K,-8.7
clean_3ZMS,-8.7
clean_4KFP,-8.7
clean_4L4T,-8.7
clean_4LVD,-8.7
clean_4LVF,-8.7
clean_4M6Q,-8.7
clean_4NQE,-8.7
clean_4O15,-8.7
clean_4O1A,-8.7
clean_4ORY,-8.7
clean_4PJI,-8.7
clean_4WDX,-8.7
clean_4Y6L,-8.7
clean_4YHT,-8.7
clean_5ANT,-8.7
clean_5LX3,-8.7
clean_5NGT,-8.7
clean_5VV4,-8.7
clean_5WBS,-8.7
clean_5WI0,-8.7
clean_6AA4,-8.7
clean_6AA5,-8.7
clean_6DWM,-8.7
clean_6FNI,-8.7
clean_6FZF,-8.7
clean_6GLV,-8.7
clean_6JVI,-8.7
clean_6JVM,-8.7
clean_6JVO,-8.7
clean_6KS0,-8.7
clean_6KS1,-8.7
clean_6NHB,-8.7
clean_6PUK,-8.7
clean_6TA2,-8.7
clean_7LKY,-8.7
clean_7TD3,-8.7
clean_8CAA,-8.7
clean_8DSM,-8.7
clean_8G59,-8.7
clean_8OWZ,-8.7
clean_8QT4,-8.7
clean_8QZ3,-8.7
clean_1NSI,-8.6
clean_1Q1Z,-8.6
clean_1XU9,-8.6
clean_2A3R,-8.6
clean_2D06,-8.6
clean_2GVG,-8.6
clean_2IIP,-8.6
clean_2REO,-8.6
clean_2RJ1,-8.6
clean_2RJ7,-8.6
clean_2W3B,-8.6
clean_3G4G,-8.6
clean_3MHJ,-8.6
clean_3QVU,-8.6
clean_3RM9,-8.6
clean_3SXA,-8.6
clean_3SXE,-8.6
clean_3U3M,-8.6
clean_3U3O,-8.6
clean_3W5E,-8.6
clean_3WHW,-8.6
clean_4DLI,-8.6
clean_4JR5,-8.6
clean_4JVL,-8.6
clean_4JVM,-8.6
clean_4K85,-8.6
clean_4L4M,-8.6
clean_4N9B,-8.6
clean_4O19,-8.6
clean_4UZQ,-8.6
clean_5ADG,-8.6
clean_5ANW,-8.6
clean_5AVL,-8.6
clean_5BPB,-8.6
clean_5DY5,-8.6
clean_5MKJ,-8.6
clean_5NHY,-8.6
clean_5YF0,-8.6
clean_5YQL,-8.6
clean_6ATB,-8.6
clean_6B76,-8.6
clean_6BD8,-8.6
clean_6BDK,-8.6
clean_6E35,-8.6
clean_6EQ7,-8.6
clean_6G3A,-8.6
clean_6JVP,-8.6
clean_6PNO,-8.6
clean_6PO5,-8.6
clean_6PUL,-8.6
clean_6S7O,-8.6
clean_6S9W,-8.6
clean_6T4G,-8.6
clean_6UDL,-8.6
clean_7KTJ,-8.6
clean_7LMT,-8.6
clean_7MDN,-8.6
clean_7MFY,-8.6
clean_7TS8,-8.6
clean_7YV4,-8.6
clean_7Z2L,-8.6
clean_8B75,-8.6
clean_8BP6,-8.6
clean_8F7L,-8.6
clean_8FGG,-8.6
clean_1DSN,-8.5
clean_2FGB,-8.5
clean_2IWG,-8.5
clean_2RJ4,-8.5
clean_2VZD,-8.5
clean_2WKP,-8.5
clean_2WKQ,-8.5
clean_3CAQ,-8.5
clean_3D4Q,-8.5
clean_3D6D,-8.5
clean_3FO5,-8.5
clean_3MFS,-8.5
clean_3P1Q,-8.5
clean_3SXG,-8.5
clean_3U3R,-8.5
clean_3UFY,-8.5
clean_4KFN,-8.5
clean_4L4V,-8.5
clean_4LCW,-8.5
clean_4N9D,-8.5
clean_4NOS,-8.5
clean_4P4E,-8.5
clean_4P6X,-8.5
clean_4UVW,-8.5
clean_4V24,-8.5
clean_4WDW,-8.5
clean_4YIK,-8.5
clean_4ZGA,-8.5
clean_5BXC,-8.5
clean_5FSN,-8.5
clean_5FYQ,-8.5
clean_5HZH,-8.5
clean_5JRQ,-8.5
clean_5KIT,-8.5
clean_5N68,-8.5
clean_5O8U,-8.5
clean_5Q0I,-8.5
clean_5U16,-8.5
clean_5UO1,-8.5
clean_5VMV,-8.5
clean_5WJJ,-8.5
clean_6EQ5,-8.5
clean_6G2L,-8.5
clean_6GLF,-8.5
clean_6HHI,-8.5
clean_6HWV,-8.5
clean_6JVG,-8.5
clean_6JVH,-8.5
clean_6JVL,-8.5
clean_6PNF,-8.5
clean_6PUF,-8.5
clean_6PUG,-8.5
clean_6PZ1,-8.5
clean_6QIO,-8.5
clean_6T1V,-8.5
clean_6TA0,-8.5
clean_6Z58,-8.5
clean_7JWR,-8.5
clean_7MXG,-8.5
clean_7NKE,-8.5
clean_7SVN,-8.5
clean_7TS6,-8.5
clean_7US7,-8.5
clean_7ZT2,-8.5
clean_7ZT7,-8.5
clean_8CNH,-8.5
clean_8FGM,-8.5
clean_8QT8,-8.5
Q9UKU6,-8.5
clean_1FM9,-8.4
clean_1S1P,-8.4
clean_1XLS,-8.4
clean_2FB8,-8.4
clean_2PVW,-8.4
clean_3EJ8,-8.4
clean_3QVV,-8.4
clean_3R58,-8.4
clean_3SJG,-8.4
clean_4C2S,-8.4
clean_4DBU,-8.4
clean_4DLJ,-8.4
clean_4GKC,-8.4
clean_4JNM,-8.4
clean_4JVN,-8.4
clean_4LTS,-8.4
clean_4MCS,-8.4
clean_4NQD,-8.4
clean_4O10,-8.4
clean_4O13,-8.4
clean_4OUC,-8.4
clean_4PJC,-8.4
clean_4QQD,-8.4
clean_4RZV,-8.4
clean_4WQ6,-8.4
clean_4ZG6,-8.4
clean_5BO7,-8.4
clean_5BO9,-8.4
clean_5DN3,-8.4
clean_5DNR,-8.4
clean_5E6M,-8.4
clean_5FSK,-8.4
clean_5FVX,-8.4
clean_5LIH,-8.4
clean_5UO5,-8.4
clean_5UO7,-8.4
clean_6ANL,-8.4
clean_6EQ6,-8.4
clean_6F5L,-8.4
clean_6G22,-8.4
clean_6GLE,-8.4
clean_6GLU,-8.4
clean_6HHG,-8.4
clean_6JVK,-8.4
clean_6K1S,-8.4
clean_6NGC,-8.4
clean_6NGE,-8.4
clean_6NGH,-8.4
clean_6NHC,-8.4
clean_6PO7,-8.4
clean_6PO8,-8.4
clean_6R63,-8.4
clean_6T50,-8.4
clean_6TAC,-8.4
clean_6VBI,-8.4
clean_6VF3,-8.4
clean_6XL8,-8.4
clean_6Z5C,-8.4
clean_7A62,-8.4
clean_7B9O,-8.4
clean_7COB,-8.4
clean_7COC,-8.4
clean_7F2L,-8.4
clean_7PPH,-8.4
clean_7S1S,-8.4
clean_7TS3,-8.4
clean_7X3O,-8.4
clean_7ZT4,-8.4
clean_7ZT9,-8.4
clean_8DD2,-8.4
clean_8DSE,-8.4
clean_8E9X,-8.4
clean_8FGL,-8.4
clean_8Q7B,-8.4
clean_8QOO,-8.4
clean_8RB6,-8.4
clean_8VLB,-8.4
clean_9BTX,-8.4
Q6IS24,-8.4
Q6ZWT7,-8.4
Q9Y694,-8.4
clean_1FCK,-8.3
clean_1LQV,-8.3
clean_1SQY,-8.3
clean_1T8U,-8.3
clean_1Z4I,-8.3
clean_2ACL,-8.3
clean_2E2X,-8.3
clean_2JAW,-8.3
clean_2NSI,-8.3
clean_2Z5Y,-8.3
clean_2ZK5,-8.3
clean_2ZKC,-8.3
clean_2ZNP,-8.3
clean_3B2D,-8.3
clean_3BEJ,-8.3
clean_3BFX,-8.3
clean_3BHX,-8.3
clean_3DPK,-8.3
clean_3E7G,-8.3
clean_3EWJ,-8.3
clean_3MS5,-8.3
clean_3P1S,-8.3
clean_3R43,-8.3
clean_3R8G,-8.3
clean_3SML,-8.3
clean_3TJM,-8.3
clean_3TWX,-8.3
clean_3UN9,-8.3
clean_3ZGF,-8.3
clean_4DBS,-8.3
clean_4DBW,-8.3
clean_4DZ5,-8.3
clean_4FAL,-8.3
clean_4HMN,-8.3
clean_4HYF,-8.3
clean_4ICC,-8.3
clean_4IJU,-8.3
clean_4L4L,-8.3
clean_4L6A,-8.3
clean_4LVG,-8.3
clean_4M6P,-8.3
clean_4MYQ,-8.3
clean_4P4F,-8.3
clean_4PJB,-8.3
clean_4RMH,-8.3
clean_4UH6,-8.3
clean_4WDU,-8.3
clean_4WO5,-8.3
clean_4X3O,-8.3
clean_5BO6,-8.3
clean_5FSM,-8.3
clean_5G4C,-8.3
clean_5HK1,-8.3
clean_5LX5,-8.3
clean_5N67,-8.3
clean_5Q11,-8.3
clean_5SDZ,-8.3
clean_5UO2,-8.3
clean_5W4V,-8.3
clean_5Y3N,-8.3
clean_5YQN,-8.3
clean_5YQO,-8.3
clean_6AUY,-8.3
clean_6AV3,-8.3
clean_6CIC,-8.3
clean_6EQM,-8.3
clean_6F20,-8.3
clean_6G39,-8.3
clean_6GEV,-8.3
clean_6GLM,-8.3
clean_6GZM,-8.3
clean_6HHH,-8.3
clean_6IMZ,-8.3
clean_6JVR,-8.3
clean_6NG1,-8.3
clean_6OO9,-8.3
clean_6PND,-8.3
clean_6PUC,-8.3
clean_6X3S,-8.3
clean_6XKG,-8.3
clean_6Z59,-8.3
clean_7AH5,-8.3
clean_7AXA,-8.3
clean_7C7F,-8.3
clean_7CO8,-8.3
clean_7F2K,-8.3
clean_7F2M,-8.3
clean_7MX7,-8.3
clean_7MXN,-8.3
clean_7N70,-8.3
clean_7NBJ,-8.3
clean_7OKU,-8.3
clean_7PPG,-8.3
clean_7TS1,-8.3
clean_7TS4,-8.3
clean_7TS5,-8.3
clean_7UMG,-8.3
clean_7XAA,-8.3
clean_8C3O,-8.3
clean_8CK4,-8.3
clean_8E9W,-8.3
clean_8SVR,-8.3
clean_8XYD,-8.3
clean_1K74,-8.2
clean_1LCF,-8.2
clean_1PY5,-8.2
clean_1Q1Q,-8.2
clean_1RKP,-8.2
clean_1S1R,-8.2
clean_1S2C,-8.2
clean_1Z4L,-8.2
clean_1Z4M,-8.2
clean_1ZRH,-8.2
clean_2A14,-8.2
clean_2E2R,-8.2
clean_2EFK,-8.2
clean_2GPV,-8.2
clean_2H59,-8.2
clean_2JBK,-8.2
clean_2OR4,-8.2
clean_2Q5S,-8.2
clean_3AKM,-8.2
clean_3BI0,-8.2
clean_3D7G,-8.2
clean_3DHD,-8.2
clean_3G45,-8.2
clean_3G58,-8.2
clean_3HR4,-8.2
clean_3JTC,-8.2
clean_3KKT,-8.2
clean_3KRJ,-8.2
clean_3LGP,-8.2
clean_3N7R,-8.2
clean_3NXX,-8.2
clean_3NXY,-8.2
clean_3PSB,-8.2
clean_3PSD,-8.2
clean_3R6I,-8.2
clean_3R7M,-8.2
clean_3S3V,-8.2
clean_3T7N,-8.2
clean_3TWW,-8.2
clean_3UWE,-8.2
clean_3V0O,-8.2
clean_3WFF,-8.2
clean_3WFG,-8.2
clean_4AT3,-8.2
clean_4BG1,-8.2
clean_4BL9,-8.2
clean_4C5W,-8.2
clean_4H7C,-8.2
clean_4JV6,-8.2
clean_4K1L,-8.2
clean_4K84,-8.2
clean_4LWW,-8.2
clean_4MUM,-8.2
clean_4NFL,-8.2
clean_4NQC,-8.2
clean_4O28,-8.2
clean_4OC4,-8.2
clean_4OEX,-8.2
clean_4P4B,-8.2
clean_4PJ9,-8.2
clean_4QYN,-8.2
clean_4RMD,-8.2
clean_4WDT,-8.2
clean_4WRH,-8.2
clean_4XUE,-8.2
clean_4XV3,-8.2
clean_4XVE,-8.2
clean_4ZFC,-8.2
clean_5AVI,-8.2
clean_5BYZ,-8.2
clean_5HNT,-8.2
clean_5HSR,-8.2
clean_5IV3,-8.2
clean_5IV4,-8.2
clean_5LXA,-8.2
clean_5M7M,-8.2
clean_5MWP,-8.2
clean_5NGR,-8.2
clean_5OTM,-8.2
clean_5U43,-8.2
clean_5UO3,-8.2
clean_5UO4,-8.2
clean_5UWG,-8.2
clean_6AA3,-8.2
clean_6AV4,-8.2
clean_6AV5,-8.2
clean_6CVQ,-8.2
clean_6E46,-8.2
clean_6E7F,-8.2
clean_6EOQ,-8.2
clean_6ETY,-8.2
clean_6EZ9,-8.2
clean_6FE5,-8.2
clean_6FZG,-8.2
clean_6GLN,-8.2
clean_6GX0,-8.2
clean_6HWT,-8.2
clean_6JVQ,-8.2
clean_6N3O,-8.2
clean_6NBA,-8.2
clean_6NG4,-8.2
clean_6NG6,-8.2
clean_6NGF,-8.2
clean_6NGI,-8.2
clean_6PVC,-8.2
clean_6PVE,-8.2
clean_6RBC,-8.2
clean_6S9X,-8.2
clean_6VFA,-8.2
clean_6W89,-8.2
clean_6WV3,-8.2
clean_6WV7,-8.2
clean_6WVH,-8.2
clean_6Z5E,-8.2
clean_7AXH,-8.2
clean_7B88,-8.2
clean_7BG3,-8.2
clean_7BLE,-8.2
clean_7BOS,-8.2
clean_7C7G,-8.2
clean_7MFF,-8.2
clean_7MHD,-8.2
clean_7N2A,-8.2
clean_7NBQ,-8.2
clean_7OKV,-8.2
clean_7TS2,-8.2
clean_7TS7,-8.2
clean_7U30,-8.2
clean_7UFJ,-8.2
clean_7UW4,-8.2
clean_7X8P,-8.2
clean_7XAB,-8.2
clean_7ZT3,-8.2
clean_7ZT5,-8.2
clean_8AX5,-8.2
clean_8B95,-8.2
clean_8BBS,-8.2
clean_8D6H,-8.2
clean_8F6G,-8.2
clean_8GUR,-8.2
clean_8Q68,-8.2
clean_8QT1,-8.2
clean_8RDK,-8.2
clean_8UFP,-8.2
clean_8UFQ,-8.2
clean_8WRA,-8.2
clean_9D8M,-8.2
clean_9FZI,-8.2
Q9HAY6,-8.2
clean_1B0L,-8.1
clean_1H43,-8.1
clean_1IAS,-8.1
clean_1OXN,-8.1
clean_1Q92,-8.1
clean_1RDT,-8.1
clean_1YY4,-8.1
clean_1Z4Q,-8.1
clean_1ZQ5,-8.1
clean_2GD5,-8.1
clean_2GPU,-8.1
clean_2H4F,-8.1
clean_2JAU,-8.1
clean_2OFW,-8.1
clean_2QYK,-8.1
clean_2RJ5,-8.1
clean_2WYA,-8.1
clean_2Z5X,-8.1
clean_3D7D,-8.1
clean_3D7H,-8.1
clean_3DHF,-8.1
clean_3E8R,-8.1
clean_3ECM,-8.1
clean_3FAL,-8.1
clean_3HVL,-8.1
clean_3IAD,-8.1
clean_3MP5,-8.1
clean_3N0H,-8.1
clean_3N7S,-8.1
clean_3NXO,-8.1
clean_3OZ0,-8.1
clean_3PCU,-8.1
clean_3RSN,-8.1
clean_3SFH,-8.1
clean_3SIE,-8.1
clean_3SJX,-8.1
clean_3SX5,-8.1
clean_3TWS,-8.1
clean_3VHV,-8.1
clean_3ZMG,-8.1
clean_4AU8,-8.1
clean_4C9W,-8.1
clean_4EE3,-8.1
clean_4EH9,-8.1
clean_4EJI,-8.1
clean_4FA3,-8.1
clean_4FAM,-8.1
clean_4KEB,-8.1
clean_4KFO,-8.1
clean_4LVA,-8.1
clean_4NW7,-8.1
clean_4O0Z,-8.1
clean_4OC0,-8.1
clean_4OYW,-8.1
clean_4PJ7,-8.1
clean_4PJH,-8.1
clean_4QFD,-8.1
clean_4R06,-8.1
clean_4RMI,-8.1
clean_4UCH,-8.1
clean_4UEG,-8.1
clean_4X3P,-8.1
clean_4XVD,-8.1
clean_5ADR,-8.1
clean_5DY4,-8.1
clean_5EC9,-8.1
clean_5FVU,-8.1
clean_5FWJ,-8.1
clean_5HNU,-8.1
clean_5ITA,-8.1
clean_5JIX,-8.1
clean_5JSM,-8.1
clean_5K1V,-8.1
clean_5L8O,-8.1
clean_5LIX,-8.1
clean_5N63,-8.1
clean_5NKN,-8.1
clean_5NR8,-8.1
clean_5NRA,-8.1
clean_5O1F,-8.1
clean_5O1V,-8.1
clean_5O6J,-8.1
clean_5OF0,-8.1
clean_5OMH,-8.1
clean_5QIK,-8.1
clean_5QTZ,-8.1
clean_5SKE,-8.1
clean_5VCC,-8.1
clean_5VUX,-8.1
clean_5VV2,-8.1
clean_5VV5,-8.1
clean_5Y7N,-8.1
clean_5YQM,-8.1
clean_6AD9,-8.1
clean_6AZU,-8.1
clean_6AZV,-8.1
clean_6FZP,-8.1
clean_6GG8,-8.1
clean_6GGG,-8.1
clean_6GJH,-8.1
clean_6GLG,-8.1
clean_6GLJ,-8.1
clean_6GLT,-8.1
clean_6HHJ,-8.1
clean_6L71,-8.1
clean_6LB4,-8.1
clean_6MCQ,-8.1
clean_6NG2,-8.1
clean_6NG5,-8.1
clean_6NG7,-8.1
clean_6NG8,-8.1
clean_6NGB,-8.1
clean_6POC,-8.1
clean_6SSU,-8.1
clean_6SSW,-8.1
clean_6W8B,-8.1
clean_6WJY,-8.1
clean_6WNJ,-8.1
clean_7BKG,-8.1
clean_7C7H,-8.1
clean_7CXF,-8.1
clean_7FY0,-8.1
clean_7OKS,-8.1
clean_7Q5D,-8.1
clean_7S1Q,-8.1
clean_7SER,-8.1
clean_7UOH,-8.1
clean_7XVY,-8.1
clean_8B92,-8.1
clean_8COJ,-8.1
clean_8DEW,-8.1
clean_8E9Y,-8.1
clean_8FGI,-8.1
clean_8FGK,-8.1
clean_8FZ3,-8.1
clean_8GUT,-8.1
clean_8OU2,-8.1
clean_8SVQ,-8.1
clean_8U7C,-8.1
clean_8VGY,-8.1
clean_8XQO,-8.1
clean_9BTY,-8.1
clean_9CGR,-8.1
clean_9D8N,-8.1
clean_9FZJ,-8.1
clean_9IRX,-8.1
P04899,-8.1
P49619,-8.1
P85298,-8.1
clean_1DLR,-8.0
clean_1H44,-8.0
clean_1LCT,-8.0
clean_1O6U,-8.0
clean_1OXQ,-8.0
clean_1OY7,-8.0
clean_1RW8,-8.0
clean_1SHJ,-8.0
clean_1TBF,-8.0
clean_1U3Q,-8.0
clean_1U3R,-8.0
clean_1U3S,-8.0
clean_1U9E,-8.0
clean_1UDU,-8.0
clean_1X76,-8.0
clean_1X78,-8.0
clean_1XF0,-8.0
clean_1XG5,-8.0
clean_1Z4P,-8.0
clean_2AGD,-8.0
clean_2AII,-8.0
clean_2AMB,-8.0
clean_2BJJ,-8.0
clean_2C2V,-8.0
clean_2EWP,-8.0
clean_2H2D,-8.0
clean_2JBJ,-8.0
clean_2RCQ,-8.0
clean_2W3A,-8.0
clean_2WKR,-8.0
clean_3CP9,-8.0
clean_3EDZ,-8.0
clean_3F2N,-8.0
clean_3FAY,-8.0
clean_3GG3,-8.0
clean_3GI2,-8.0
clean_3IQ7,-8.0
clean_3KQ7,-8.0
clean_3ROD,-8.0
clean_3S4Y,-8.0
clean_3SHY,-8.0
clean_3SJE,-8.0
clean_3SJF,-8.0
clean_3SMM,-8.0
clean_3TWR,-8.0
clean_3TWV,-8.0
clean_3V0P,-8.0
clean_3ZR0,-8.0
clean_4BUZ,-8.0
clean_4D1N,-8.0
clean_4EEG,-8.0
clean_4EEJ,-8.0
clean_4HYH,-8.0
clean_4I9Z,-8.0
clean_4J24,-8.0
clean_4J26,-8.0
clean_4J3M,-8.0
clean_4JII,-8.0
clean_4KAK,-8.0
clean_4KFJ,-8.0
clean_4L41,-8.0
clean_4L6C,-8.0
clean_4M6K,-8.0
clean_4MNF,-8.0
clean_4NGM,-8.0
clean_4O12,-8.0
clean_4OC2,-8.0
clean_4OC3,-8.0
clean_4P45,-8.0
clean_4QJO,-8.0
clean_4R8M,-8.0
clean_4RUN,-8.0
clean_4TWE,-8.0
clean_4WHZ,-8.0
clean_4XHD,-8.0
clean_4XT2,-8.0
clean_4YVV,-8.0
clean_4ZG7,-8.0
clean_4ZI1,-8.0
clean_4ZZJ,-8.0
clean_5ADI,-8.0
clean_5ADQ,-8.0
clean_5ADS,-8.0
clean_5BMY,-8.0
clean_5BV6,-8.0
clean_5CXY,-8.0
clean_5E8X,-8.0
clean_5E8Z,-8.0
clean_5E90,-8.0
clean_5FSI,-8.0
clean_5FSO,-8.0
clean_5FTO,-8.0
clean_5H2U,-8.0
clean_5H6Y,-8.0
clean_5HIE,-8.0
clean_5ICP,-8.0
clean_5IUI,-8.0
clean_5IXD,-8.0
clean_5KCV,-8.0
clean_5LX9,-8.0
clean_5M96,-8.0
clean_5MK4,-8.0
clean_5N65,-8.0
clean_5NRF,-8.0
clean_5SDB,-8.0
clean_5SF4,-8.0
clean_5SKO,-8.0
clean_5SKS,-8.0
clean_5U17,-8.0
clean_5U2V,-8.0
clean_5UAN,-8.0
clean_5UC3,-8.0
clean_5VUY,-8.0
clean_5X73,-8.0
clean_5Y3O,-8.0
clean_5ZKP,-8.0
clean_5ZTY,-8.0
clean_6AUZ,-8.0
clean_6AV0,-8.0
clean_6BD7,-8.0
clean_6BG2,-8.0
clean_6EQ3,-8.0
clean_6F0A,-8.0
clean_6GXK,-8.0
clean_6HHF,-8.0
clean_6HL1,-8.0
clean_6JAT,-8.0
clean_6JVT,-8.0
clean_6KPF,-8.0
clean_6LB6,-8.0
clean_6NJH,-8.0
clean_6NJI,-8.0
clean_6PNA,-8.0
clean_6PNG,-8.0
clean_6POA,-8.0
clean_6PXR,-8.0
clean_6S1H,-8.0
clean_6SKH,-8.0
clean_6T8P,-8.0
clean_6VFB,-8.0
clean_6X5Y,-8.0
clean_7AXK,-8.0
clean_7BOT,-8.0
clean_7E7B,-8.0
clean_7JVG,-8.0
clean_7JZ5,-8.0
clean_7KTL,-8.0
clean_7LHN,-8.0
clean_7LHO,-8.0
clean_7NH4,-8.0
clean_7OKT,-8.0
clean_7PRM,-8.0
clean_7R3Z,-8.0
clean_7RKL,-8.0
clean_7RRB,-8.0
clean_7US8,-8.0
clean_7UY1,-8.0
clean_7VQ2,-8.0
clean_7X3M,-8.0
clean_7XWR,-8.0
clean_8A0T,-8.0
clean_8BPC,-8.0
clean_8C8C,-8.0
clean_8DB2,-8.0
clean_8ELL,-8.0
clean_8FGJ,-8.0
clean_8ID9,-8.0
clean_8IVU,-8.0
clean_8QT0,-8.0
clean_8QT2,-8.0
clean_8QT3,-8.0
clean_8RCE,-8.0
clean_8SRX,-8.0
clean_8XMM,-8.0
clean_9CJ4,-8.0
clean_9CK0,-8.0
O00519,-8.0
O75072,-8.0
Q96SL1,-8.0
Q9NY47,-8.0
A6NJ78,-7.9
clean_1DRF,-7.9
clean_1EH3,-7.9
clean_1KMV,-7.9
clean_1MH9,-7.9
clean_1MVC,-7.9
clean_1ROR,-7.9
clean_1S3W,-7.9
clean_1X7J,-7.9
clean_1XMI,-7.9
clean_1XP0,-7.9
clean_1Y0S,-7.9
clean_1YYE,-7.9
clean_2CFT,-7.9
clean_2E4A,-7.9
clean_2ELA,-7.9
clean_2J60,-7.9
clean_2JLP,-7.9
clean_2O9I,-7.9
clean_2OOT,-7.9
clean_2P7G,-7.9
clean_2PLA,-7.9
clean_2PNR,-7.9
clean_2RCT,-7.9
clean_2XEF,-7.9
clean_2XKW,-7.9
clean_2YCQ,-7.9
clean_2ZEJ,-7.9
clean_2ZY0,-7.9
clean_3A7E,-7.9
clean_3BJC,-7.9
clean_3D5Q,-7.9
clean_3DQV,-7.9
clean_3E7V,-7.9
clean_3EIG,-7.9
clean_3FZT,-7.9
clean_3GCP,-7.9
clean_3HC5,-7.9
clean_3KCF,-7.9
clean_3MVH,-7.9
clean_3NAX,-7.9
clean_3NXR,-7.9
clean_3O56,-7.9
clean_3O64,-7.9
clean_3O96,-7.9
clean_3OLS,-7.9
clean_3P89,-7.9
clean_3Q27,-7.9
clean_3Q93,-7.9
clean_3QZS,-7.9
clean_3R9A,-7.9
clean_3RUU,-7.9
clean_3S32,-7.9
clean_3SX7,-7.9
clean_3TGG,-7.9
clean_3TV6,-7.9
clean_3U9Y,-7.9
clean_3UVV,-7.9
clean_3V9H,-7.9
clean_3VKK,-7.9
clean_3VN2,-7.9
clean_3ZR1,-7.9
clean_4BFP,-7.9
clean_4BHG,-7.9
clean_4C02,-7.9
clean_4DJN,-7.9
clean_4GHI,-7.9
clean_4H1M,-7.9
clean_4IA0,-7.9
clean_4L3O,-7.9
clean_4LQG,-7.9
clean_4MCP,-7.9
clean_4MWO,-7.9
clean_4NGP,-7.9
clean_4OC1,-7.9
clean_4OC5,-7.9
clean_4P4I,-7.9
clean_4PJA,-7.9
clean_4PJE,-7.9
clean_4QZT,-7.9
clean_4QZU,-7.9
clean_4USW,-7.9
clean_4UVS,-7.9
clean_4UVU,-7.9
clean_4V3E,-7.9
clean_4X0U,-7.9
clean_4X2J,-7.9
clean_4X3R,-7.9
clean_4Y63,-7.9
clean_4Z1H,-7.9
clean_4ZGU,-7.9
clean_4ZR2,-7.9
clean_5C1G,-7.9
clean_5D7J,-7.9
clean_5DOT,-7.9
clean_5FE1,-7.9
clean_5FSL,-7.9
clean_5GHP,-7.9
clean_5HSU,-7.9
clean_5HYN,-7.9
clean_5HZI,-7.9
clean_5K6J,-7.9
clean_5L0S,-7.9
clean_5L7G,-7.9
clean_5LYQ,-7.9
clean_5ML3,-7.9
clean_5NNE,-7.9
clean_5O5R,-7.9
clean_5O5U,-7.9
clean_5Q0L,-7.9
clean_5Q1E,-7.9
clean_5QIL,-7.9
clean_5SEA,-7.9
clean_5SF3,-7.9
clean_5SJQ,-7.9
clean_5U1R,-7.9
clean_5U3R,-7.9
clean_5U3S,-7.9
clean_5VXZ,-7.9
clean_5XTE,-7.9
clean_5YJF,-7.9
clean_5ZJ9,-7.9
clean_6AV2,-7.9
clean_6BOJ,-7.9
clean_6C6K,-7.9
clean_6CHH,-7.9
clean_6D6T,-7.9
clean_6D8X,-7.9
clean_6DAV,-7.9
clean_6DK0,-7.9
clean_6E43,-7.9
clean_6EA4,-7.9
clean_6G2N,-7.9
clean_6G38,-7.9
clean_6H7Z,-7.9
clean_6HTY,-7.9
clean_6I63,-7.9
clean_6I64,-7.9
clean_6IE1,-7.9
clean_6IM5,-7.9
clean_6IMR,-7.9
clean_6JVS,-7.9
clean_6K0T,-7.9
clean_6KE0,-7.9
clean_6L65,-7.9
clean_6L6E,-7.9
clean_6LZZ,-7.9
clean_6NJJ,-7.9
clean_6O4K,-7.9
clean_6P1R,-7.9
clean_6PNE,-7.9
clean_6T1S,-7.9
clean_6T4K,-7.9
clean_6UEL,-7.9
clean_6VR6,-7.9
clean_6WAU,-7.9
clean_6WBW,-7.9
clean_6WH4,-7.9
clean_6WV5,-7.9
clean_6X3T,-7.9
clean_6X3V,-7.9
clean_6XEB,-7.9
clean_6YA6,-7.9
clean_6YZ4,-7.9
clean_6Z1W,-7.9
clean_6ZE8,-7.9
clean_7AVQ,-7.9
clean_7D2S,-7.9
clean_7ESE,-7.9
clean_7ET7,-7.9
clean_7F5E,-7.9
clean_7JWD,-7.9
clean_7KTC,-7.9
clean_7MRU,-7.9
clean_7NH5,-7.9
clean_7ORF,-7.9
clean_7PAC,-7.9
clean_7PAD,-7.9
clean_7RWP,-7.9
clean_7RZJ,-7.9
clean_7S1N,-7.9
clean_7S8C,-7.9
clean_7SCE,-7.9
clean_7SES,-7.9
clean_7UKC,-7.9
clean_7UW2,-7.9
clean_7VUE,-7.9
clean_7VUG,-7.9
clean_7W2P,-7.9
clean_7W7W,-7.9
clean_7WMT,-7.9
clean_7WQS,-7.9
clean_7X3L,-7.9
clean_7XVF,-7.9
clean_7XVZ,-7.9
clean_7ZJP,-7.9
clean_7ZUY,-7.9
clean_8AG2,-7.9
clean_8B8X,-7.9
clean_8BEM,-7.9
clean_8C3P,-7.9
clean_8CCY,-7.9
clean_8D6N,-7.9
clean_8IEO,-7.9
clean_8JT9,-7.9
clean_8QP9,-7.9
clean_8QTU,-7.9
clean_8QW6,-7.9
clean_8SVU,-7.9
clean_8TOR,-7.9
clean_8V8U,-7.9
clean_8VME,-7.9
clean_8W4A,-7.9
clean_8XQL,-7.9
clean_9BFJ,-7.9
clean_9CHT,-7.9
O15321,-7.9
O43593,-7.9
P0DTE4,-7.9
P36897,-7.9
Q15392,-7.9
Q9H2A9,-7.9
Q9UF12,-7.9
Q9Y6L6,-7.9
clean_1B8M,-7.8
clean_1BND,-7.8
clean_1HFR,-7.8
clean_1MKD,-7.8
clean_1N0W,-7.8
clean_1NST,-7.8
clean_1OR2,-7.8
clean_1Q20,-7.8
clean_1RO9,-7.8
clean_1T8T,-7.8
clean_1UHL,-7.8
clean_1UNG,-7.8
clean_1X7B,-7.8
clean_1XOZ,-7.8
clean_1Y2J,-7.8
clean_2AE7,-7.8
clean_2AES,-7.8
clean_2AH9,-7.8
clean_2BXR,-7.8
clean_2C3K,-7.8
clean_2CIJ,-7.8
clean_2ELB,-7.8
clean_2FV5,-7.8
clean_2H42,-7.8
clean_2I0G,-7.8
clean_2J14,-7.8
clean_2JJ3,-7.8
clean_2NV7,-7.8
clean_2OAX,-7.8
clean_2P1T,-7.8
clean_2P1U,-7.8
clean_2P1V,-7.8
clean_2P2I,-7.8
clean_2PG5,-7.8
clean_2PNU,-7.8
clean_2PX6,-7.8
clean_2XEG,-7.8
clean_2XEI,-7.8
clean_2XEJ,-7.8
clean_2Y74,-7.8
clean_2YIS,-7.8
clean_2YIT,-7.8
clean_2Z4B,-7.8
clean_2ZDU,-7.8
clean_2ZXZ,-7.8
clean_3ADX,-7.8
clean_3B3K,-7.8
clean_3BUV,-7.8
clean_3BV7,-7.8
clean_3BWM,-7.8
clean_3BZU,-7.8
clean_3C4C,-7.8
clean_3CMF,-7.8
clean_3EQR,-7.8
clean_3FEE,-7.8
clean_3GHC,-7.8
clean_3GP0,-7.8
clean_3GYF,-7.8
clean_3HC8,-7.8
clean_3HMM,-7.8
clean_3HV4,-7.8
clean_3IPU,-7.8
clean_3IWW,-7.8
clean_3L6R,-7.8
clean_3LAW,-7.8
clean_3MFU,-7.8
clean_3NXT,-7.8
clean_3O0J,-7.8
clean_3O57,-7.8
clean_3PTZ,-7.8
clean_3Q26,-7.8
clean_3QZT,-7.8
clean_3R8H,-7.8
clean_3RHK,-7.8
clean_3SKC,-7.8
clean_3SMN,-7.8
clean_3TG5,-7.8
clean_3TGE,-7.8
clean_3UZW,-7.8
clean_3UZX,-7.8
clean_3UZZ,-7.8
clean_3V0M,-7.8
clean_3W6O,-7.8
clean_4BKJ,-7.8
clean_4CLP,-7.8
clean_4CWD,-7.8
clean_4E8A,-7.8
clean_4EE4,-7.8
clean_4EEA,-7.8
clean_4EFG,-7.8
clean_4G2W,-7.8
clean_4GQG,-7.8
clean_4IHL,-7.8
clean_4J22,-7.8
clean_4KC2,-7.8
clean_4L8M,-7.8
clean_4LSJ,-7.8
clean_4MCR,-7.8
clean_4MJH,-7.8
clean_4MPG,-7.8
clean_4MPM,-7.8
clean_4NGN,-7.8
clean_4NGS,-7.8
clean_4NY9,-7.8
clean_4PF3,-7.8
clean_4QIZ,-7.8
clean_4QK4,-7.8
clean_4R3C,-7.8
clean_4RMG,-7.8
clean_4UAL,-7.8
clean_4UFU,-7.8
clean_4V3U,-7.8
clean_4X2K,-7.8
clean_4Y64,-7.8
clean_4YPE,-7.8
clean_4ZJS,-7.8
clean_5ADT,-7.8
clean_5ANS,-7.8
clean_5BVW,-7.8
clean_5C5Q,-7.8
clean_5CBX,-7.8
clean_5D29,-7.8
clean_5D7P,-7.8
clean_5DGO,-7.8
clean_5DH5,-7.8
clean_5J1S,-7.8
clean_5K00,-7.8
clean_5K6S,-7.8
clean_5KHX,-7.8
clean_5KKN,-7.8
clean_5L7H,-7.8
clean_5LIU,-7.8
clean_5LSA,-7.8
clean_5M7A,-7.8
clean_5MMW,-7.8
clean_5NK3,-7.8
clean_5NSD,-7.8
clean_5O5T,-7.8
clean_5OPB,-7.8
clean_5Q12,-7.8
clean_5SB0,-7.8
clean_5SEW,-7.8
clean_5SFU,-7.8
clean_5SH8,-7.8
clean_5SHK,-7.8
clean_5SI7,-7.8
clean_5SKJ,-7.8
clean_5SKK,-7.8
clean_5SKV,-7.8
clean_5TBE,-7.8
clean_5TF5,-7.8
clean_5TUD,-7.8
clean_5U09,-7.8
clean_5U3V,-7.8
clean_5UAP,-7.8
clean_5UB5,-7.8
clean_5UNG,-7.8
clean_5VR8,-7.8
clean_5VV1,-7.8
clean_5YF2,-7.8
clean_6A6K,-7.8
clean_6BD6,-7.8
clean_6BTH,-7.8
clean_6BTI,-7.8
clean_6E42,-7.8
clean_6F2U,-7.8
clean_6F78,-7.8
clean_6F7B,-7.8
clean_6F8T,-7.8
clean_6FNF,-7.8
clean_6FNJ,-7.8
clean_6FXT,-7.8
clean_6FXY,-7.8
clean_6FZJ,-7.8
clean_6G35,-7.8
clean_6GLH,-7.8
clean_6IPG,-7.8
clean_6JJR,-7.8
clean_6KK0,-7.8
clean_6KXX,-7.8
clean_6LZG,-7.8
clean_6NGA,-7.8
clean_6NR0,-7.8
clean_6ODH,-7.8
clean_6PP9,-7.8
clean_6Q7B,-7.8
clean_6S17,-7.8
clean_6TL9,-7.8
clean_6TLT,-7.8
clean_6VCJ,-7.8
clean_6VF8,-7.8
clean_6VPQ,-7.8
clean_6WCW,-7.8
clean_6WPE,-7.8
clean_6WV6,-7.8
clean_6X2H,-7.8
clean_6YX0,-7.8
clean_6Z56,-7.8
clean_6Z57,-7.8
clean_6Z5B,-7.8
clean_6ZQS,-7.8
clean_7AX9,-7.8
clean_7BKN,-7.8
clean_7D3E,-7.8
clean_7LCI,-7.8
clean_7M0X,-7.8
clean_7M2E,-7.8
clean_7MSR,-7.8
clean_7MSS,-7.8
clean_7QK9,-7.8
clean_7RIU,-7.8
clean_7RRC,-7.8
clean_7RRD,-7.8
clean_7RUU,-7.8
clean_7RUV,-7.8
clean_7RWN,-7.8
clean_7RWQ,-7.8
clean_7UAM,-7.8
clean_7UDP,-7.8
clean_7UDQ,-7.8
clean_7URD,-7.8
clean_7URE,-7.8
clean_7VFS,-7.8
clean_7VWE,-7.8
clean_7WQM,-7.8
clean_7XN5,-7.8
clean_7YM8,-7.8
clean_7ZL7,-7.8
clean_8A5V,-7.8
clean_8A5W,-7.8
clean_8C2Z,-7.8
clean_8D6L,-7.8
clean_8ES8,-7.8
clean_8FAV,-7.8
clean_8FGF,-7.8
clean_8FOB,-7.8
clean_8FUR,-7.8
clean_8I0C,-7.8
clean_8I5B,-7.8
clean_8JEW,-7.8
clean_8JP1,-7.8
clean_8KHM,-7.8
clean_8ONE,-7.8
clean_8OWG,-7.8
clean_8OX4,-7.8
clean_8OX5,-7.8
clean_8R41,-7.8
clean_8R58,-7.8
clean_8UVY,-7.8
clean_8UW7,-7.8
clean_8XQJ,-7.8
O76074,-7.8
O94823,-7.8
O95674,-7.8
P50747,-7.8
Q15067,-7.8
Q6H9L7,-7.8
Q6ZQW0,-7.8
Q8N6C5,-7.8
Q9BZF3,-7.8
Q9H9B1,-7.8
Q9HAW8,-7.8
Q9ULP9,-7.8
Q9Y2W3,-7.8
clean_1ISG,-7.7
clean_1LFG,-7.7
clean_1MX1,-7.7
clean_1RXD,-7.7
clean_1UNL,-7.7
clean_1VKG,-7.7
clean_1W0G,-7.7
clean_1XM2,-7.7
clean_1XM6,-7.7
clean_1XOT,-7.7
clean_1XOX,-7.7
clean_1Z70,-7.7
clean_1ZZ2,-7.7
clean_2A5U,-7.7
clean_2AEC,-7.7
clean_2C2S,-7.7
clean_2C2T,-7.7
clean_2D4Q,-7.7
clean_2DHF,-7.7
clean_2E9M,-7.7
clean_2G56,-7.7
clean_2GPP,-7.7
clean_2IWZ,-7.7
clean_2JAM,-7.7
clean_2Q3G,-7.7
clean_2Q61,-7.7
clean_2QTU,-7.7
clean_2QYN,-7.7
clean_2R2N,-7.7
clean_2VWX,-7.7
clean_2W7X,-7.7
clean_2WOU,-7.7
clean_2Y73,-7.7
clean_2YJD,-7.7
clean_2Z0N,-7.7
clean_2ZK3,-7.7
clean_3B2R,-7.7
clean_3BEA,-7.7
clean_3BI1,-7.7
clean_3C5U,-7.7
clean_3CAV,-7.7
clean_3CUK,-7.7
clean_3DC1,-7.7
clean_3DCT,-7.7
clean_3DCU,-7.7
clean_3E94,-7.7
clean_3EE5,-7.7
clean_3EQP,-7.7
clean_3F7G,-7.7
clean_3F91,-7.7
clean_3G1R,-7.7
clean_3GC8,-7.7
clean_3GHV,-7.7
clean_3IOJ,-7.7
clean_3JWQ,-7.7
clean_3KWY,-7.7
clean_3LJT,-7.7
clean_3MP4,-7.7
clean_3MQM,-7.7
clean_3NNX,-7.7
clean_3NZD,-7.7
clean_3OEF,-7.7
clean_3OQ1,-7.7
clean_3P0Q,-7.7
clean_3P88,-7.7
clean_3QC4,-7.7
clean_3QFV,-7.7
clean_3RIN,-7.7
clean_3RUT,-7.7
clean_3S95,-7.7
clean_3SPR,-7.7
clean_3U5N,-7.7
clean_3U8D,-7.7
clean_3UQR,-7.7
clean_3UZY,-7.7
clean_3W4I,-7.7
clean_4AF3,-7.7
clean_4BGM,-7.7
clean_4EEM,-7.7
clean_4EGC,-7.7
clean_4EH4,-7.7
clean_4F9C,-7.7
clean_4FGY,-7.7
clean_4FRD,-7.7
clean_4FRL,-7.7
clean_4FRQ,-7.7
clean_4G6L,-7.7
clean_4H1J,-7.7
clean_4HEE,-7.7
clean_4I91,-7.7
clean_4IFP,-7.7
clean_4IJW,-7.7
clean_4IVD,-7.7
clean_4JIH,-7.7
clean_4KBN,-7.7
clean_4KC1,-7.7
clean_4KU7,-7.7
clean_4L57,-7.7
clean_4NM3,-7.7
clean_4NW5,-7.7
clean_4NW6,-7.7
clean_4OBQ,-7.7
clean_4OME,-7.7
clean_4OMK,-7.7
clean_4OTH,-7.7
clean_4OYM,-7.7
clean_4OZ2,-7.7
clean_4P4J,-7.7
clean_4PJ5,-7.7
clean_4PJD,-7.7
clean_4PJF,-7.7
clean_4PM0,-7.7
clean_4PRG,-7.7
clean_4QPM,-7.7
clean_4QXK,-7.7
clean_4RME,-7.7
clean_4RSU,-7.7
clean_4RWV,-7.7
clean_4RXO,-7.7
clean_4UFY,-7.7
clean_4V3D,-7.7
clean_4W4W,-7.7
clean_4W5I,-7.7
clean_4X2F,-7.7
clean_4XMO,-7.7
clean_4XZM,-7.7
clean_4Y6Q,-7.7
clean_4Z1F,-7.7
clean_4ZS2,-7.7
clean_5A86,-7.7
clean_5AL5,-7.7
clean_5B3X,-7.7
clean_5C2E,-7.7
clean_5C4T,-7.7
clean_5C4U,-7.7
clean_5D5M,-7.7
clean_5DCZ,-7.7
clean_5FTQ,-7.7
clean_5HCV,-7.7
clean_5HT5,-7.7
clean_5I9Y,-7.7
clean_5IDN,-7.7
clean_5IUG,-7.7
clean_5IUH,-7.7
clean_5J1T,-7.7
clean_5J6S,-7.7
clean_5JAX,-7.7
clean_5L0R,-7.7
clean_5L0T,-7.7
clean_5LWE,-7.7
clean_5MJ5,-7.7
clean_5MJY,-7.7
clean_5MQV,-7.7
clean_5NGS,-7.7
clean_5NNG,-7.7
clean_5NTP,-7.7
clean_5O8V,-7.7
clean_5PGU,-7.7
clean_5Q0W,-7.7
clean_5Q1G,-7.7
clean_5SAZ,-7.7
clean_5SD6,-7.7
clean_5SD7,-7.7
clean_5SD8,-7.7
clean_5SD9,-7.7
clean_5SDY,-7.7
clean_5SE1,-7.7
clean_5SEE,-7.7
clean_5SF2,-7.7
clean_5SFG,-7.7
clean_5SHW,-7.7
clean_5SI2,-7.7
clean_5SW9,-7.7
clean_5U3T,-7.7
clean_5UFR,-7.7
clean_5VCE,-7.7
clean_5VX3,-7.7
clean_5WBG,-7.7
clean_5X02,-7.7
clean_5Y0Z,-7.7
clean_5Y86,-7.7
clean_5Z0S,-7.7
clean_5ZXI,-7.7
clean_6A3N,-7.7
clean_6A7E,-7.7
clean_6AVI,-7.7
clean_6BKG,-7.7
clean_6C7J,-7.7
clean_6CZ3,-7.7
clean_6D94,-7.7
clean_6DPQ,-7.7
clean_6F22,-7.7
clean_6FAD,-7.7
clean_6FXR,-7.7
clean_6GE4,-7.7
clean_6GLI,-7.7
clean_6GX1,-7.7
clean_6H7Y,-7.7
clean_6HEX,-7.7
clean_6HK3,-7.7
clean_6HKJ,-7.7
clean_6KXY,-7.7
clean_6L66,-7.7
clean_6LU6,-7.7
clean_6MCP,-7.7
clean_6N2E,-7.7
clean_6NX1,-7.7
clean_6O67,-7.7
clean_6P2B,-7.7
clean_6PNH,-7.7
clean_6PNM,-7.7
clean_6POT,-7.7
clean_6PXU,-7.7
clean_6QVO,-7.7
clean_6R7D,-7.7
clean_6RTI,-7.7
clean_6SEO,-7.7
clean_6SGP,-7.7
clean_6SHH,-7.7
clean_6SK3,-7.7
clean_6T4J,-7.7
clean_6U6Z,-7.7
clean_6U9M,-7.7
clean_6W9U,-7.7
clean_6XDS,-7.7
clean_6XFP,-7.7
clean_6YG2,-7.7
clean_6YLC,-7.7
clean_6YXD,-7.7
clean_6Z5A,-7.7
clean_6Z5D,-7.7
clean_7AH6,-7.7
clean_7AK1,-7.7
clean_7B5F,-7.7
clean_7BFZ,-7.7
clean_7C05,-7.7
clean_7C7C,-7.7
clean_7DEJ,-7.7
clean_7EKH,-7.7
clean_7F80,-7.7
clean_7JS8,-7.7
clean_7KDZ,-7.7
clean_7KSI,-7.7
clean_7KSJ,-7.7
clean_7KSZ,-7.7
clean_7KTK,-7.7
clean_7KTN,-7.7
clean_7LEL,-7.7
clean_7LTL,-7.7
clean_7LV3,-7.7
clean_7MFZ,-7.7
clean_7OPO,-7.7
clean_7P7P,-7.7
clean_7QGP,-7.7
clean_7QGW,-7.7
clean_7QWK,-7.7
clean_7S1R,-7.7
clean_7S88,-7.7
clean_7SOK,-7.7
clean_7SQM,-7.7
clean_7T4V,-7.7
clean_7U8X,-7.7
clean_7U9U,-7.7
clean_7URA,-7.7
clean_7VP9,-7.7
clean_7VYK,-7.7
clean_7Y21,-7.7
clean_7ZPG,-7.7
clean_8A44,-7.7
clean_8AW1,-7.7
clean_8BO8,-7.7
clean_8BOC,-7.7
clean_8BOM,-7.7
clean_8C3Q,-7.7
clean_8CF9,-7.7
clean_8CGP,-7.7
clean_8CTB,-7.7
clean_8EQZ,-7.7
clean_8FGH,-7.7
clean_8FPE,-7.7
clean_8GG1,-7.7
clean_8GG7,-7.7
clean_8HKN,-7.7
clean_8HN9,-7.7
clean_8HUM,-7.7
clean_8JPE,-7.7
clean_8PK8,-7.7
clean_8PM3,-7.7
clean_8QLS,-7.7
clean_8SC9,-7.7
clean_8SVO,-7.7
clean_8SVX,-7.7
clean_8TGP,-7.7
clean_8TRT,-7.7
clean_8V8V,-7.7
clean_8VKJ,-7.7
clean_8W50,-7.7
clean_8W9B,-7.7
clean_8WFE,-7.7
clean_8WPN,-7.7
clean_8ZFN,-7.7
clean_9AVM,-7.7
clean_9B4Q,-7.7
clean_9CUJ,-7.7
clean_9DF1,-7.7
clean_9IJY,-7.7
O95450,-7.7
P36639,-7.7
P40261,-7.7
P50416,-7.7
Q08J23,-7.7
Q58F21,-7.7
Q8TF76,-7.7
Q8WTX9,-7.7
Q8WWX8,-7.7
Q9H5Y7,-7.7
clean_1HSE,-7.6
clean_1MVT,-7.6
clean_1MZN,-7.6
clean_1N76,-7.6
clean_1PD8,-7.6
clean_1Q22,-7.6
clean_1R42,-7.6
clean_1RY0,-7.6
clean_1S2A,-7.6
clean_1S3U,-7.6
clean_1U72,-7.6
clean_1VJY,-7.6
clean_1WBW,-7.6
clean_1Y8O,-7.6
clean_1Z6T,-7.6
clean_1ZEO,-7.6
clean_1ZYS,-7.6
clean_2AMA,-7.6
clean_2B1P,-7.6
clean_2B2T,-7.6
clean_2BBW,-7.6
clean_2C9H,-7.6
clean_2CHM,-7.6
clean_2E82,-7.6
clean_2E9V,-7.6
clean_2F38,-7.6
clean_2G0G,-7.6
clean_2HCT,-7.6
clean_2J4Z,-7.6
clean_2OPG,-7.6
clean_2Q12,-7.6
clean_2QLR,-7.6
clean_2QQI,-7.6
clean_2R9S,-7.6
clean_2RJP,-7.6
clean_2VX1,-7.6
clean_2W3M,-7.6
clean_2WAJ,-7.6
clean_2WB8,-7.6
clean_2WOT,-7.6
clean_2XH1,-7.6
clean_2XK9,-7.6
clean_2YCF,-7.6
clean_2Z0O,-7.6
clean_2ZK6,-7.6
clean_2ZV2,-7.6
clean_3AHQ,-7.6
clean_3ANR,-7.6
clean_3BWY,-7.6
clean_3COT,-7.6
clean_3CPC,-7.6
clean_3D3P,-7.6
clean_3E50,-7.6
clean_3ET2,-7.6
clean_3F8Y,-7.6
clean_3F8Z,-7.6
clean_3GB8,-7.6
clean_3GHW,-7.6
clean_3HMV,-7.6
clean_3HP2,-7.6
clean_3HUB,-7.6
clean_3KJD,-7.6
clean_3L8P,-7.6
clean_3NXU,-7.6
clean_3NXV,-7.6
clean_3O2Y,-7.6
clean_3O8I,-7.6
clean_3OZJ,-7.6
clean_3PG7,-7.6
clean_3Q28,-7.6
clean_3Q29,-7.6
clean_3QJZ,-7.6
clean_3QUE,-7.6
clean_3QZ2,-7.6
clean_3R5N,-7.6
clean_3SHZ,-7.6
clean_3SQO,-7.6
clean_3TKU,-7.6
clean_3TWT,-7.6
clean_3TZM,-7.6
clean_3U0T,-7.6
clean_3U6J,-7.6
clean_3UV2,-7.6
clean_3V0N,-7.6
clean_3VHU,-7.6
clean_3VZB,-7.6
clean_3W4K,-7.6
clean_3WD9,-7.6
clean_3WS9,-7.6
clean_3ZC5,-7.6
clean_3ZKS,-7.6
clean_3ZNP,-7.6
clean_4AG1,-7.6
clean_4BB5,-7.6
clean_4BGQ,-7.6
clean_4C7J,-7.6
clean_4CYF,-7.6
clean_4E4Q,-7.6
clean_4E6C,-7.6
clean_4E90,-7.6
clean_4EBV,-7.6
clean_4EBW,-7.6
clean_4EHG,-7.6
clean_4EJN,-7.6
clean_4FHK,-7.6
clean_4FK3,-7.6
clean_4G95,-7.6
clean_4GAB,-7.6
clean_4GDY,-7.6
clean_4GH6,-7.6
clean_4HAB,-7.6
clean_4HEU,-7.6
clean_4HYI,-7.6
clean_4I4F,-7.6
clean_4IE5,-7.6
clean_4JV8,-7.6
clean_4JYW,-7.6
clean_4KC4,-7.6
clean_4LZG,-7.6
clean_4M6L,-7.6
clean_4MCQ,-7.6
clean_4MSU,-7.6
clean_4MZ7,-7.6
clean_4N73,-7.6
clean_4NGR,-7.6
clean_4O18,-7.6
clean_4OAU,-7.6
clean_4OMJ,-7.6
clean_4ORS,-7.6
clean_4OYB,-7.6
clean_4OZ3,-7.6
clean_4P8X,-7.6
clean_4PJG,-7.6
clean_4POH,-7.6
clean_4POJ,-7.6
clean_4PX3,-7.6
clean_4PXS,-7.6
clean_4QA0,-7.6
clean_4QBM,-7.6
clean_4QHV,-7.6
clean_4QJC,-7.6
clean_4QJR,-7.6
clean_4QVE,-7.6
clean_4R8Q,-7.6
clean_4XZL,-7.6
clean_4YLL,-7.6
clean_4YOL,-7.6
clean_4Z9L,-7.6
clean_4ZCV,-7.6
clean_4ZUD,-7.6
clean_4ZV8,-7.6
clean_4ZW9,-7.6
clean_5AJO,-7.6
clean_5AL4,-7.6
clean_5AO1,-7.6
clean_5BNW,-7.6
clean_5C4O,-7.6
clean_5C6C,-7.6
clean_5CEI,-7.6
clean_5EK2,-7.6
clean_5FE6,-7.6
clean_5FFH,-7.6
clean_5FRI,-7.6
clean_5GHJ,-7.6
clean_5HBE,-7.6
clean_5HQY,-7.6
clean_5HUI,-7.6
clean_5HVE,-7.6
clean_5HZJ,-7.6
clean_5KVI,-7.6
clean_5KWY,-7.6
clean_5KXA,-7.6
clean_5L04,-7.6
clean_5L0V,-7.6
clean_5LIK,-7.6
clean_5LIW,-7.6
clean_5M2F,-7.6
clean_5MHP,-7.6
clean_5MKU,-7.6
clean_5NKF,-7.6
clean_5NPS,-7.6
clean_5NU1,-7.6
clean_5OWC,-7.6
clean_5Q0M,-7.6
clean_5Q19,-7.6
clean_5SHC,-7.6
clean_5SHS,-7.6
clean_5SHY,-7.6
clean_5SWF,-7.6
clean_5T53,-7.6
clean_5TE8,-7.6
clean_5TJ2,-7.6
clean_5TTO,-7.6
clean_5U3Z,-7.6
clean_5UYJ,-7.6
clean_5V6Y,-7.6
clean_5VCG,-7.6
clean_5VMU,-7.6
clean_5VV0,-7.6
clean_5X74,-7.6
clean_5X8X,-7.6
clean_5XQX,-7.6
clean_5XUI,-7.6
clean_5Y49,-7.6
clean_5YXJ,-7.6
clean_5ZMD,-7.6
clean_6A5Z,-7.6
clean_6AAH,-7.6
clean_6AKR,-7.6
clean_6BLE,-7.6
clean_6C1I,-7.6
clean_6C58,-7.6
